{"cameraMode":{"drawMode":0,"name":"Shaded","section":"Shading Mode"},"sceneLighting":false,"audioPlay":false,"sceneViewState":{"showFog":true,"showMaterialUpdate":true,"showSkybox":false,"showFlares":true,"showImageEffects":true,"showParticleSystems":true},"in2DMode":false,"pivot":{"x":8.708051681518555,"y":1.0666179656982422,"z":-10.528343200683594},"rotation":{"x":-0.16900329291820527,"y":-0.43196892738342287,"z":0.08276611566543579,"w":-0.8820443749427795},"size":12.12435531616211,"orthographic":false}